name,category,carbs,calories,protein,fats
Пиво 0,М'ясо,16.8,150.0,5.4,6.8
Яблуко 1,Випічка,13.8,220.0,18.7,10.0
Мигдаль 2,Випічка,41.2,585.1,48.6,25.1
Мед 3,Напої,16.0,139.4,15.7,1.4
Творог 4,Риба,79.2,769.6,48.4,28.8
Гречка 5,Горіхи,78.4,552.4,33.6,11.6
Кетчуп 6,Зернові,69.5,394.6,8.9,9.0
Тунець 7,Фрукти,76.6,598.2,44.6,12.6
Творог 8,Молочні продукти,25.4,460.9,40.1,22.1
Чай 9,Бобові,16.4,203.6,28.2,2.8
Сметана 10,Яйця,62.1,554.0,33.2,19.2
Булочка 11,Випічка,53.2,537.4,29.4,23.0
Кава 12,Молочні продукти,22.8,375.2,17.0,24.0
Кефір 13,Овочі,18.6,369.6,10.8,28.0
Огірок 14,Горіхи,60.0,395.4,23.1,7.0
Огірок 15,Напої,20.3,435.1,26.6,27.5
Фасоля 16,Риба,43.7,311.5,31.7,1.1
Рис 17,Овочі,35.9,411.9,16.0,22.7
Творог 18,Бобові,71.6,525.6,4.9,24.4
Морква 19,Бобові,38.3,326.7,35.5,3.5
Сир 20,Напої,51.5,367.7,31.2,4.1
Мед 21,Яйця,56.0,553.2,41.8,18.0
Сир 22,Фрукти,72.4,587.9,37.9,16.3
Горох 23,Яйця,10.2,111.7,15.7,0.9
Тунець 24,Молочні продукти,19.4,217.4,13.8,9.4
Фасоля 25,Риба,58.6,616.6,46.5,21.8
Печиво 26,Соуси,63.1,493.5,20.0,17.9
Молоко 27,Овочі,29.0,415.8,12.4,27.8
Хліб 28,Фрукти,63.8,305.2,5.3,3.2
Булочка 29,Молочні продукти,19.7,397.9,47.6,14.3
Сметана 30,Риба,49.9,575.1,38.3,24.7
Майонез 31,Овочі,5.6,198.2,21.9,9.8
Сухарі 32,Яйця,37.4,382.6,13.7,19.8
Печиво 33,Горіхи,1.7,127.3,24.5,2.5
Гречка 34,Риба,18.5,345.1,49.1,8.3
Сметана 35,Напої,52.9,332.5,1.2,12.9
Морква 36,Соуси,35.3,393.0,46.3,7.4
Кукурудза 37,Яйця,49.4,476.1,29.8,17.7
Сухарі 38,М'ясо,52.2,404.1,6.3,18.9
Печиво 39,Молочні продукти,10.5,477.6,47.7,27.2
Сир 40,Фрукти,51.0,495.6,48.6,10.8
Сухарі 41,М'ясо,33.1,337.4,23.8,12.2
Булочка 42,Фрукти,17.9,407.3,36.0,21.3
Яблуко 43,Горіхи,14.6,276.6,46.0,3.8
Йогурт 44,Риба,31.0,461.4,24.5,26.6
Булочка 45,Молочні продукти,28.8,233.2,15.1,6.4
Картопля 46,М'ясо,6.7,164.8,19.2,6.8
Йогурт 47,Зернові,17.0,177.4,5.3,9.8
Кукурудза 48,Горіхи,35.7,409.4,49.1,7.8
Кукурудза 49,Зернові,16.5,321.2,17.9,20.4
Гречка 50,Зернові,17.8,255.8,7.9,17.0
Гречка 51,Напої,24.2,281.8,37.7,3.8
Рис 52,Випічка,6.4,367.9,36.3,21.9
Булочка 53,Молочні продукти,47.0,416.9,31.8,11.3
Банан 54,Фрукти,8.9,358.0,50.0,13.6
Мигдаль 55,Випічка,50.3,402.5,24.9,11.3
Фасоля 56,Соуси,52.4,565.4,37.2,23.0
Каша 57,Зернові,76.3,531.1,28.8,12.3
Фасоля 58,Горіхи,58.4,544.1,17.1,26.9
Морква 59,Фрукти,17.4,334.9,43.6,10.1
Огірок 60,Горіхи,19.9,251.9,8.2,15.5
Яйце 61,Яйця,17.3,372.2,26.7,21.8
Гречка 62,Молочні продукти,63.9,423.8,3.8,17.0
Сир 63,М'ясо,24.8,541.5,48.7,27.5
Чай 64,Овочі,31.5,524.1,34.5,28.9
Помідор 65,Випічка,52.0,370.9,36.0,2.1
Сир 66,Снеки,75.5,456.6,7.6,13.8
Творог 67,Соуси,0.9,338.7,17.4,29.5
Морква 68,Овочі,76.5,503.4,35.4,6.2
Мигдаль 69,Фрукти,71.2,511.4,40.9,7.0
Картопля 70,Риба,45.1,486.4,37.8,17.2
Морква 71,Яйця,68.8,599.8,48.3,14.6
Кава 72,Випічка,9.4,233.8,47.7,0.6
Куряче філе 73,Фрукти,57.6,536.4,18.0,26.0
Куряче філе 74,Фрукти,8.0,219.8,39.3,3.4
Каша 75,Соуси,61.7,547.5,49.3,11.5
Яблуко 76,Бобові,79.3,551.9,36.4,9.9
Кукурудза 77,Горіхи,78.9,493.2,4.8,17.6
Сир 78,Напої,39.8,486.5,35.7,20.5
Яйце 79,Соуси,64.5,439.8,34.2,5.0
Помідор 80,Зернові,39.5,471.5,11.1,29.9
Молоко 81,Напої,9.5,261.6,8.2,21.2
Молоко 82,Соуси,22.8,362.5,7.3,26.9
Яблуко 83,Снеки,30.2,350.4,34.9,10.0
Молоко 84,Риба,10.5,342.6,46.8,12.6
Горох 85,Зернові,46.9,314.6,3.4,12.6
Творог 86,Яйця,68.0,564.3,12.1,27.1
Морква 87,Горіхи,12.4,327.4,30.3,17.4
Вино 88,Риба,79.0,530.7,14.3,17.5
Майонез 89,Овочі,30.8,354.5,8.1,22.1
Булочка 90,Випічка,48.8,404.4,36.1,7.2
Кукурудза 91,Овочі,47.3,347.1,12.7,11.9
Кефір 92,М'ясо,46.5,200.9,3.5,0.1
Майонез 93,Бобові,23.7,153.1,2.2,5.5
Фасоля 94,Соуси,15.9,226.6,13.3,12.2
Шоколад 95,Яйця,30.9,246.8,20.9,4.4
Пиво 96,Соуси,59.8,589.5,40.1,21.1
Тунець 97,М'ясо,65.2,470.9,7.3,20.1
Булочка 98,Соуси,11.5,330.3,14.6,25.1
Мед 99,М'ясо,4.1,434.8,44.3,26.8
Гречка 100,Соуси,6.0,224.3,8.9,18.3
Лосось 101,Соуси,39.0,358.4,15.5,15.6
Кефір 102,Яйця,63.9,348.4,11.5,5.2
Каша 103,Напої,17.2,116.8,8.4,1.6
Хліб 104,Бобові,76.6,499.0,8.1,17.8
Хліб 105,Молочні продукти,53.8,310.0,18.3,2.4
Майонез 106,Напої,31.3,258.6,32.9,0.2
Сухарі 107,М'ясо,77.6,570.6,22.3,19.0
Апельсин 108,Соуси,22.3,390.2,40.6,15.4
Кетчуп 109,Напої,59.7,492.7,25.0,17.1
Гречка 110,Випічка,32.1,371.8,12.7,21.4
Мед 111,Овочі,14.1,197.0,32.9,1.0
Кукурудза 112,Соуси,54.1,519.5,48.1,12.3
Помідор 113,Молочні продукти,5.2,185.0,10.9,13.4
Майонез 114,Снеки,78.4,695.1,47.0,21.5
Яблуко 115,М'ясо,68.9,559.5,11.8,26.3
Морква 116,Напої,25.6,236.7,24.8,3.9
Кукурудза 117,Снеки,9.1,385.3,43.8,19.3
Куряче філе 118,М'ясо,33.8,306.0,7.6,15.6
Лосось 119,Молочні продукти,8.1,201.2,36.8,2.4
Морква 120,Фрукти,27.9,527.9,49.4,24.3
Рис 121,Випічка,30.1,404.0,45.7,11.2
Булочка 122,Зернові,48.7,591.7,32.4,29.7
Булочка 123,М'ясо,6.9,208.2,24.9,9.0
Яйце 124,Випічка,14.0,187.4,5.4,12.2
Огірок 125,Фрукти,44.0,532.5,36.7,23.3
Фасоля 126,Риба,62.2,470.1,28.1,12.1
Каша 127,Фрукти,21.0,495.2,48.8,24.0
Чай 128,Напої,27.3,275.7,17.1,10.9
Хліб 129,Випічка,44.9,455.3,12.0,25.3
Лосось 130,Бобові,21.4,285.3,29.9,8.9
Хліб 131,Снеки,65.4,505.7,29.3,14.1
Сир 132,Горіхи,78.2,384.0,6.1,5.2
Картопля 133,Молочні продукти,7.3,131.6,5.8,8.8
Апельсин 134,Фрукти,45.4,608.3,45.7,27.1
Кетчуп 135,Фрукти,29.2,320.2,12.6,17.0
Рис 136,Риба,6.9,89.8,14.2,0.6
Хліб 137,Напої,17.5,259.3,32.7,6.5
Сухарі 138,Снеки,8.2,266.1,42.8,6.9
Кукурудза 139,Овочі,71.2,565.1,13.6,25.1
Яйце 140,Фрукти,2.3,202.3,41.3,3.1
Фасоля 141,Фрукти,78.8,484.1,24.0,8.1
Печиво 142,М'ясо,3.4,344.8,35.1,21.2
Банан 143,Напої,71.0,569.5,43.7,12.3
Сухарі 144,Зернові,75.6,371.8,11.5,2.6
Сметана 145,Зернові,26.0,308.5,20.3,13.7
Пиво 146,Випічка,11.8,234.6,5.9,18.2
Картопля 147,Риба,73.5,717.1,42.1,28.3
Куряче філе 148,Фрукти,15.3,227.7,40.5,0.5
Чай 149,М'ясо,1.5,405.6,40.5,26.4
Кефір 150,Риба,21.4,452.4,31.4,26.8
Булочка 151,Риба,63.8,536.1,31.3,17.3
Каша 152,Бобові,11.6,188.5,27.2,3.7
Помідор 153,Бобові,8.4,136.3,22.3,1.5
Морква 154,Бобові,7.9,206.3,27.7,7.1
Помідор 155,Молочні продукти,36.5,285.2,24.9,4.4
Яйце 156,Снеки,52.2,613.5,33.9,29.9
Чай 157,Молочні продукти,21.9,411.3,37.5,19.3
Кава 158,Зернові,6.9,283.5,42.6,9.5
Кукурудза 159,М'ясо,26.9,270.5,0.0,18.1
Чай 160,Риба,73.4,517.2,44.2,5.2
Чай 161,Горіхи,27.1,262.5,24.8,6.1
Пиво 162,М'ясо,17.7,383.5,43.3,15.5
Банан 163,Соуси,0.6,274.6,45.1,10.2
Фасоля 164,Горіхи,49.5,372.9,41.7,0.9
Мигдаль 165,Фрукти,35.4,336.2,36.5,5.4
Лосось 166,Бобові,59.1,249.4,1.9,0.6
Сметана 167,Соуси,79.8,403.7,10.1,4.9
Огірок 168,М'ясо,66.1,701.5,42.0,29.9
Горох 169,Риба,77.2,569.9,44.8,9.1
Гречка 170,Риба,48.6,361.3,41.5,0.1
Картопля 171,Молочні продукти,42.9,334.5,19.8,9.3
Вино 172,Молочні продукти,76.6,404.5,20.7,1.7
Йогурт 173,Овочі,39.4,432.7,24.0,19.9
Сир 174,Соуси,1.9,335.8,45.6,16.2
Чай 175,Молочні продукти,48.5,556.3,32.3,25.9
Морква 176,Фрукти,55.0,505.8,17.9,23.8
Творог 177,Овочі,48.8,447.8,18.6,19.8
Фасоля 178,Випічка,77.5,667.0,33.0,25.0
Рис 179,Напої,79.1,399.9,0.4,9.1
Сухарі 180,Овочі,42.8,401.1,13.6,19.5
Вино 181,Яйця,52.4,539.2,31.1,22.8
Огірок 182,Соуси,59.7,527.6,42.5,13.2
Печиво 183,Бобові,61.3,512.3,14.8,23.1
Гречка 184,Зернові,10.3,113.3,9.7,3.7
Хліб 185,Яйця,0.7,222.9,27.8,12.1
Тунець 186,Яйця,46.7,333.3,28.3,3.7
Яблуко 187,Риба,76.6,339.9,3.2,2.3
Творог 188,Випічка,77.3,736.8,44.8,27.6
Каша 189,Бобові,25.3,301.7,1.3,21.7
Кетчуп 190,Яйця,59.5,576.3,35.3,21.9
Яйце 191,Фрукти,7.6,324.1,35.4,16.9
Чай 192,Зернові,47.8,364.0,30.6,5.6
Фасоля 193,Фрукти,59.2,544.4,39.1,16.8
Пиво 194,Риба,41.4,444.9,12.9,25.3
Сир 195,Снеки,50.9,430.5,41.2,6.9
Творог 196,Соуси,35.5,477.7,31.5,23.3
Кукурудза 197,Напої,6.0,420.2,32.0,29.8
Мед 198,Бобові,64.4,516.3,28.0,16.3
Помідор 199,Соуси,0.9,98.5,23.5,0.1
Хліб 200,Горіхи,62.2,562.3,26.4,23.1
Кетчуп 201,Зернові,27.7,291.5,15.7,13.1
Картопля 202,Випічка,50.9,484.2,4.0,29.4
Апельсин 203,Фрукти,40.2,514.8,46.2,18.8
Лосось 204,Напої,0.2,248.7,12.7,21.9
Апельсин 205,М'ясо,79.1,544.9,47.9,4.1
Картопля 206,Яйця,54.4,488.7,30.2,16.7
Мед 207,Молочні продукти,49.2,429.9,36.0,9.9
Кава 208,Риба,20.5,95.1,1.7,0.7
Яйце 209,Горіхи,46.5,424.4,6.5,23.6
Кукурудза 210,Овочі,24.6,226.8,15.0,7.6
Кава 211,Соуси,59.4,449.8,29.2,10.6
Сухарі 212,Яйця,32.9,296.4,23.2,8.0
Сметана 213,Яйця,58.7,455.3,49.5,2.5
Кетчуп 214,Овочі,66.2,399.5,15.9,7.9
Лосось 215,Яйця,64.6,430.5,20.3,10.1
Пиво 216,Соуси,11.0,261.2,21.9,14.4
Творог 217,Яйця,18.5,386.5,21.2,25.3
Хліб 218,Випічка,36.7,331.6,28.2,8.0
Пиво 219,Риба,58.3,449.2,45.9,3.6
Кава 220,Випічка,20.1,281.4,41.7,3.8
Йогурт 221,Овочі,36.6,421.2,46.2,10.0
Сухарі 222,Молочні продукти,8.4,194.8,12.4,12.4
Шоколад 223,Снеки,64.0,444.4,26.4,9.2
Банан 224,Соуси,5.6,264.0,43.3,7.6
Кетчуп 225,М'ясо,24.4,368.0,6.4,27.2
Творог 226,М'ясо,41.9,198.5,7.5,0.1
Мед 227,Горіхи,25.1,471.8,46.5,20.6
Сухарі 228,Горіхи,44.9,456.5,41.1,12.5
Помідор 229,Овочі,5.0,190.5,28.0,6.5
Тунець 230,Снеки,1.0,185.6,22.0,10.4
Майонез 231,Напої,5.7,205.9,15.4,13.5
Морква 232,Яйця,9.2,233.9,44.1,2.3
Творог 233,Снеки,59.5,586.5,30.2,25.3
Йогурт 234,Молочні продукти,75.3,541.2,5.1,24.4
Помідор 235,Напої,48.4,546.5,43.9,19.7
Картопля 236,Зернові,51.9,504.9,14.7,26.5
Мигдаль 237,Соуси,55.4,534.6,22.0,25.0
Мигдаль 238,Риба,73.4,578.9,38.7,14.5
Пиво 239,Риба,53.3,666.6,47.2,29.4
Сир 240,Соуси,40.4,269.8,10.4,7.4
Чай 241,Випічка,18.1,361.6,12.9,26.4
Кукурудза 242,Снеки,26.9,385.4,9.6,26.6
Банан 243,Молочні продукти,72.0,720.1,43.9,28.5
Сметана 244,Горіхи,53.0,360.7,5.9,13.9
Пиво 245,Риба,30.0,385.0,1.0,29.0
Яблуко 246,Овочі,76.2,652.5,37.2,22.1
Шоколад 247,Молочні продукти,7.4,238.7,10.2,18.7
Мед 248,Соуси,75.0,395.2,17.5,2.8
Апельсин 249,Яйця,49.0,452.3,9.4,24.3
Молоко 250,Зернові,23.8,160.2,15.8,0.2
Банан 251,Зернові,76.7,613.5,27.4,21.9
Куряче філе 252,Напої,64.2,396.4,27.7,3.2
Огірок 253,Молочні продукти,30.3,444.9,32.1,21.7
Шоколад 254,Соуси,31.3,444.8,38.5,18.4
Рис 255,Овочі,27.4,177.7,3.3,6.1
Кава 256,Снеки,2.0,239.9,0.6,25.5
Чай 257,Овочі,42.0,299.6,14.9,8.0
Хліб 258,Напої,13.8,178.0,19.0,5.2
Пиво 259,Фрукти,66.0,426.5,35.0,2.5
Рис 260,Випічка,65.6,424.9,36.8,1.7
Сметана 261,Снеки,25.8,230.5,25.3,2.9
Мигдаль 262,Овочі,0.9,361.4,49.4,17.8
Йогурт 263,Випічка,79.3,600.7,44.1,11.9
Морква 264,Зернові,17.9,329.8,42.5,9.8
Гречка 265,Зернові,26.4,506.4,36.3,28.4
Помідор 266,Яйця,58.7,292.5,12.4,0.9
Чай 267,М'ясо,48.4,617.2,42.9,28.0
Шоколад 268,Фрукти,48.4,461.3,30.7,16.1
Творог 269,Молочні продукти,62.0,425.2,39.8,2.0
Сир 270,Овочі,5.1,196.8,18.9,11.2
Кетчуп 271,Напої,45.5,568.8,38.2,26.0
Йогурт 272,Снеки,59.8,294.4,8.4,2.4
Шоколад 273,Риба,67.3,411.4,1.8,15.0
Горох 274,Зернові,29.1,355.0,34.9,11.0
Фасоля 275,Овочі,30.5,247.5,22.6,3.9
Майонез 276,Зернові,26.9,342.0,32.5,11.6
Морква 277,Зернові,5.3,198.7,32.0,5.5
Вино 278,Фрукти,19.7,268.3,35.9,5.1
Горох 279,Горіхи,50.9,314.0,7.8,8.8
Сметана 280,Молочні продукти,7.3,255.5,4.6,23.1
Лосось 281,Напої,52.2,407.3,36.8,5.7
Сир 282,Риба,47.0,333.6,35.5,0.4
Сир 283,Фрукти,36.7,460.7,45.4,14.7
Банан 284,М'ясо,77.3,681.4,47.6,20.2
Майонез 285,Зернові,8.4,322.7,18.5,23.9
Яблуко 286,М'ясо,5.2,426.1,42.6,26.1
Сметана 287,Молочні продукти,42.8,348.2,8.7,15.8
Булочка 288,Зернові,16.7,530.0,48.3,30.0
Мигдаль 289,Зернові,79.8,485.2,41.5,0.0
Йогурт 290,Бобові,39.5,348.0,25.9,9.6
Рис 291,Бобові,5.3,247.9,27.2,13.1
Фасоля 292,Бобові,12.1,230.2,27.0,8.2
Чай 293,Фрукти,9.1,404.5,32.4,26.5
Горох 294,Горіхи,10.2,258.0,2.1,23.2
Помідор 295,Горіхи,72.9,485.0,20.0,12.6
Мед 296,Снеки,62.6,548.2,15.5,26.2
Яблуко 297,Зернові,34.9,438.1,15.0,26.5
Шоколад 298,Бобові,16.8,355.7,43.1,12.9
Лосось 299,Випічка,25.9,287.6,1.9,19.6
Кава 300,Яйця,33.2,312.5,21.3,10.5
Яблуко 301,Снеки,10.1,197.3,25.5,6.1
Кава 302,Напої,68.2,544.5,36.2,14.1
Рис 303,Риба,47.0,461.4,12.1,25.0
Банан 304,Бобові,72.4,513.9,33.8,9.9
Фасоля 305,Напої,69.7,491.3,49.3,1.7
Сир 306,Випічка,29.9,542.4,49.9,24.8
Огірок 307,Випічка,2.0,348.9,46.3,17.3
Лосось 308,Фрукти,0.5,201.5,47.4,1.1
Яблуко 309,Зернові,16.9,347.0,35.2,15.4
Рис 310,М'ясо,63.0,594.3,43.5,18.7
Сметана 311,Бобові,8.6,253.4,23.7,13.8
Лосось 312,Горіхи,77.7,769.3,48.7,29.3
Молоко 313,Соуси,56.2,438.6,8.9,19.8
Помідор 314,Фрукти,0.3,381.6,49.2,20.4
Творог 315,Фрукти,74.2,565.1,18.7,21.5
Каша 316,Соуси,39.5,333.1,33.2,4.7
Сметана 317,Овочі,75.0,481.5,7.8,16.7
Булочка 318,Снеки,55.8,444.6,7.2,21.4
Вино 319,Овочі,60.6,515.8,36.4,14.2
Фасоля 320,Зернові,76.8,591.9,44.4,11.9
Фасоля 321,Зернові,57.2,305.3,6.3,5.7
Апельсин 322,Соуси,13.3,262.6,28.5,10.6
Булочка 323,Соуси,62.4,362.5,7.3,9.3
Лосось 324,Зернові,41.4,361.1,27.5,9.5
Огірок 325,Зернові,52.3,599.6,45.4,23.2
Банан 326,Соуси,79.0,571.1,28.0,15.9
Морква 327,Напої,54.1,477.2,1.3,28.4
Чай 328,Снеки,15.6,278.8,14.5,17.6
Чай 329,Яйця,65.1,440.7,41.7,1.5
Огірок 330,Горіхи,64.3,483.8,38.2,8.2
Мед 331,Яйця,57.2,416.6,24.9,9.8
Сухарі 332,Зернові,0.3,289.2,44.1,12.4
Лосось 333,Бобові,18.2,233.3,29.1,4.9
Фасоля 334,Соуси,42.9,267.0,18.9,2.2
Апельсин 335,М'ясо,67.1,483.2,10.5,19.2
Фасоля 336,Яйця,69.6,389.0,22.7,2.2
Картопля 337,Випічка,59.3,617.5,47.6,21.1
Фасоля 338,Снеки,30.0,430.4,23.6,24.0
Чай 339,Снеки,38.3,517.2,32.5,26.0
Булочка 340,Снеки,36.2,563.4,37.6,29.8
Кефір 341,М'ясо,15.1,279.4,19.2,15.8
Морква 342,Бобові,50.7,331.2,9.6,10.0
Яйце 343,Яйця,73.6,448.2,20.0,8.2
Булочка 344,Напої,4.1,331.6,14.9,28.4
Шоколад 345,Випічка,1.8,310.1,26.0,22.1
Картопля 346,Соуси,49.8,395.8,29.8,8.6
Огірок 347,Випічка,38.2,553.0,35.7,28.6
Лосось 348,Напої,9.1,237.7,45.6,2.1
Сир 349,М'ясо,24.5,311.2,35.3,8.0
Куряче філе 350,Зернові,21.5,250.6,36.2,2.2
Хліб 351,Снеки,74.5,724.9,41.7,28.9
Каша 352,Випічка,4.1,362.2,32.9,23.8
Мед 353,Випічка,11.0,269.0,12.6,19.4
Йогурт 354,Зернові,35.4,333.8,43.1,2.2
Фасоля 355,Випічка,61.6,311.7,6.2,4.5
Кетчуп 356,Горіхи,33.2,173.4,1.6,3.8
Булочка 357,Соуси,2.4,308.8,31.6,19.2
Лосось 358,Риба,57.2,393.8,14.7,11.8
Куряче філе 359,Овочі,38.7,313.7,35.9,1.7
Шоколад 360,М'ясо,2.1,317.9,31.7,20.3
Яблуко 361,Фрукти,42.2,418.9,0.2,27.7
Мигдаль 362,Бобові,60.2,475.2,7.3,22.8
Кукурудза 363,Випічка,53.5,299.5,2.7,8.3
Печиво 364,Випічка,71.0,566.6,49.5,9.4
Каша 365,Випічка,7.7,292.7,21.6,19.5
Печиво 366,Яйця,13.9,427.2,49.7,19.2
Лосось 367,Випічка,9.1,109.3,2.7,6.9
Мед 368,Снеки,3.5,220.0,42.5,4.0
Йогурт 369,Випічка,56.2,447.0,10.1,20.2
Горох 370,Соуси,71.2,532.5,49.1,5.7
Сир 371,Соуси,19.8,342.7,29.2,16.3
Гречка 372,Снеки,37.1,280.1,11.1,9.7
Булочка 373,Овочі,51.7,415.1,47.8,1.9
Сухарі 374,М'ясо,0.0,193.3,4.9,19.3
Тунець 375,Овочі,27.7,195.3,15.5,2.5
Каша 376,Соуси,34.2,418.9,25.3,20.1
Пиво 377,Снеки,61.8,336.6,17.4,2.2
Гречка 378,Риба,11.3,215.0,1.5,18.2
Сир 379,Соуси,29.8,186.0,1.4,6.8
Кукурудза 380,М'ясо,20.0,153.0,13.3,2.2
Чай 381,Бобові,5.8,204.5,24.4,9.3
Сметана 382,Овочі,38.3,508.0,22.1,29.6
Кефір 383,Бобові,42.9,393.9,42.3,5.9
Горох 384,Фрукти,42.6,327.0,25.2,6.2
Гречка 385,Напої,9.1,185.8,26.1,5.0
Фасоля 386,Зернові,65.7,474.0,46.5,2.8
Хліб 387,Бобові,29.2,281.5,1.8,17.5
Каша 388,М'ясо,26.5,313.6,28.5,10.4
Яйце 389,Молочні продукти,53.6,542.0,29.7,23.2
Хліб 390,Фрукти,60.6,489.7,23.8,16.9
Горох 391,Випічка,56.0,545.6,39.9,18.0
Мигдаль 392,Випічка,39.8,367.3,8.6,19.3
Банан 393,Зернові,54.1,526.5,30.5,20.9
Майонез 394,Випічка,73.6,563.2,36.6,13.6
Яблуко 395,Випічка,55.6,473.1,26.0,16.3
Яйце 396,Горіхи,68.7,516.4,39.7,9.2
Огірок 397,Риба,78.2,475.6,8.3,14.4
Чай 398,Горіхи,19.6,227.1,15.8,9.5
Каша 399,Випічка,35.7,318.6,24.6,8.6
Хліб 400,Напої,63.6,498.1,22.0,17.3
Морква 401,Напої,60.9,281.5,7.0,1.1
Морква 402,М'ясо,10.2,316.3,8.8,26.7
Банан 403,Зернові,37.0,338.0,40.3,3.2
Помідор 404,М'ясо,17.9,437.7,31.9,26.5
Творог 405,Овочі,76.0,484.0,0.9,19.6
Помідор 406,Снеки,11.0,315.9,17.8,22.3
Яблуко 407,Випічка,6.0,284.3,9.5,24.7
Творог 408,Фрукти,69.2,473.6,14.1,15.6
Творог 409,Зернові,43.8,492.6,17.7,27.4
Апельсин 410,Овочі,41.6,517.0,21.5,29.4
Хліб 411,Молочні продукти,42.1,432.8,27.4,17.2
Помідор 412,Соуси,28.2,209.3,22.1,0.9
Фасоля 413,Риба,38.5,265.3,2.4,11.3
Мигдаль 414,Овочі,78.9,525.4,14.2,17.0
Каша 415,Соуси,5.2,95.5,16.2,1.1
Сир 416,Овочі,46.6,417.5,39.1,8.3
Майонез 417,Риба,11.9,175.3,15.5,7.3
Апельсин 418,Соуси,38.3,331.3,5.6,17.3
Майонез 419,Соуси,15.9,501.8,45.2,28.6
Творог 420,Риба,15.4,276.9,45.5,3.7
Мигдаль 421,Зернові,71.1,615.5,31.7,22.7
Куряче філе 422,М'ясо,47.6,298.2,20.2,3.0
Сухарі 423,Овочі,52.4,425.4,24.7,13.0
Булочка 424,Снеки,32.5,234.0,18.8,3.2
Картопля 425,Фрукти,17.5,404.2,20.1,28.2
Майонез 426,М'ясо,58.2,478.2,23.1,17.0
Огірок 427,Бобові,15.6,278.3,34.4,8.7
Булочка 428,Яйця,33.3,202.2,6.9,4.6
Булочка 429,Зернові,43.5,248.0,9.5,4.0
Банан 430,Фрукти,20.1,112.4,0.8,3.2
Шоколад 431,Молочні продукти,21.8,253.7,4.5,16.5
Картопля 432,Яйця,5.9,205.9,38.6,3.1
Кетчуп 433,Снеки,30.7,399.0,47.0,9.8
Вино 434,М'ясо,74.2,471.0,19.7,10.6
Сухарі 435,Соуси,46.4,467.3,28.8,18.5
Помідор 436,Горіхи,79.3,388.3,1.8,7.1
Яблуко 437,Риба,10.1,400.3,37.1,23.5
Банан 438,Снеки,55.2,474.8,23.9,17.6
Каша 439,Соуси,77.7,440.9,30.5,0.9
Сметана 440,Соуси,22.8,331.8,22.8,16.6
Тунець 441,Овочі,32.0,430.9,44.0,14.1
Куряче філе 442,Бобові,1.2,141.7,0.7,14.9
Картопля 443,Зернові,17.9,398.4,38.5,19.2
Пиво 444,Риба,18.0,460.8,43.2,24.0
Лосось 445,Молочні продукти,7.0,152.9,1.3,13.3
Кукурудза 446,Яйця,18.5,455.0,28.2,29.8
Майонез 447,Зернові,9.6,229.9,2.2,20.3
Вино 448,Напої,73.2,445.2,10.2,12.4
Мед 449,Випічка,15.0,486.9,40.8,29.3
Огірок 450,Снеки,53.5,467.5,16.8,20.7
Кава 451,Риба,21.2,419.1,28.0,24.7
Сир 452,Напої,9.3,243.1,21.1,13.5
Куряче філе 453,Овочі,8.3,280.7,40.5,9.5
Печиво 454,Напої,47.2,404.4,31.4,10.0
Чай 455,Овочі,36.6,349.4,15.2,15.8
Кефір 456,Горіхи,59.0,523.5,23.5,21.5
Кетчуп 457,Снеки,5.4,109.3,19.0,1.3
Пиво 458,Молочні продукти,67.0,592.4,43.3,16.8
Хліб 459,Риба,77.3,418.6,11.6,7.0
Кетчуп 460,Овочі,62.0,431.1,1.9,19.5
Сухарі 461,Горіхи,49.5,535.1,35.9,21.5
Куряче філе 462,Напої,48.3,394.4,18.8,14.0
Мед 463,Риба,26.8,370.0,40.5,11.2
Кукурудза 464,Горіхи,17.2,147.1,8.1,5.1
Банан 465,Снеки,7.0,450.9,48.8,25.3
Шоколад 466,Випічка,57.9,587.9,36.2,23.5
Кефір 467,Овочі,77.6,566.3,48.9,6.7
Каша 468,Напої,31.1,186.3,4.0,5.1
Хліб 469,М'ясо,44.6,521.3,39.6,20.5
Сметана 470,Бобові,50.7,396.4,8.8,17.6
Рис 471,Молочні продукти,54.4,383.1,8.3,14.7
Гречка 472,Зернові,51.4,369.8,6.4,15.4
Булочка 473,Зернові,5.3,461.9,43.8,29.5
Молоко 474,Горіхи,64.6,539.9,48.1,9.9
Сухарі 475,Зернові,62.4,401.7,32.4,2.5
Лосось 476,Соуси,76.2,615.2,49.7,12.4
Йогурт 477,Горіхи,46.9,415.7,17.2,17.7
Хліб 478,Горіхи,32.7,366.5,21.8,16.5
Яблуко 479,Овочі,12.7,147.8,13.0,5.0
Апельсин 480,Молочні продукти,16.9,306.2,5.2,24.2
Яблуко 481,Бобові,77.7,449.0,32.3,1.0
Кукурудза 482,Снеки,60.3,393.3,18.9,8.5
Печиво 483,Випічка,18.2,356.2,45.2,11.4
Сир 484,Горіхи,0.6,225.2,31.4,10.8
Сухарі 485,Яйця,79.4,737.9,43.2,27.5
Яблуко 486,Зернові,61.5,538.0,49.6,10.4
Огірок 487,Молочні продукти,37.7,588.8,45.6,28.4
Шоколад 488,Яйця,62.6,497.4,2.8,26.2
Каша 489,Горіхи,57.0,478.6,36.1,11.8
Кава 490,Напої,1.4,395.5,37.4,26.7
Йогурт 491,Молочні продукти,68.1,555.5,12.5,25.9
Сир 492,Випічка,36.3,320.8,43.0,0.4
Кефір 493,Молочні продукти,11.7,104.3,7.4,3.1
Сухарі 494,Фрукти,51.8,421.6,27.5,11.6
Яйце 495,Молочні продукти,58.1,660.9,44.8,27.7
Кава 496,Випічка,33.2,368.8,5.0,24.0
Кетчуп 497,Фрукти,53.9,453.3,10.6,21.7
Помідор 498,Риба,70.7,543.9,49.3,7.1
Мигдаль 499,Бобові,7.2,165.9,32.7,0.7
Картопля 500,Зернові,42.4,456.2,15.4,25.0
Фасоля 501,Фрукти,74.4,446.8,34.6,1.2
Фасоля 502,Бобові,60.5,346.0,21.5,2.0
Апельсин 503,Яйця,19.3,414.5,20.2,28.5
Горох 504,Яйця,60.0,303.3,11.1,2.1
Вино 505,Риба,61.3,336.3,19.4,1.5
Вино 506,М'ясо,64.0,510.3,36.8,11.9
Йогурт 507,Фрукти,69.2,563.6,48.3,10.4
Куряче філе 508,Напої,29.7,439.4,34.7,20.2
Кетчуп 509,М'ясо,78.1,536.7,37.4,8.3
Горох 510,Зернові,9.3,237.6,15.9,15.2
Тунець 511,Соуси,23.2,472.3,44.7,22.3
Печиво 512,М'ясо,35.1,197.4,12.9,0.6
Майонез 513,Яйця,62.2,451.8,31.4,8.6
Яйце 514,Напої,73.9,459.0,38.6,1.0
Хліб 515,М'ясо,62.2,610.7,46.6,19.5
Мед 516,Випічка,73.9,623.1,38.0,19.5
Мигдаль 517,Фрукти,54.1,499.0,15.3,24.6
Вино 518,Горіхи,46.8,631.1,49.1,27.5
Мед 519,М'ясо,64.7,543.2,20.7,22.4
Шоколад 520,Снеки,6.8,224.9,37.5,5.3
Кава 521,Випічка,65.5,598.9,21.0,28.1
Рис 522,Снеки,73.4,566.4,8.8,26.4
Тунець 523,Овочі,20.5,377.3,12.4,27.3
Шоколад 524,Соуси,32.3,356.6,44.7,5.4
Картопля 525,Горіхи,55.7,622.7,38.1,27.5
Булочка 526,Соуси,76.3,426.5,29.2,0.5
Тунець 527,Горіхи,28.7,446.8,22.7,26.8
Рис 528,Напої,8.3,245.7,11.5,18.5
Фасоля 529,Бобові,73.0,528.7,0.0,26.3
Огірок 530,Овочі,53.3,230.8,3.5,0.4
Куряче філе 531,Фрукти,53.6,540.3,37.6,19.5
Сметана 532,Бобові,4.8,443.3,40.1,29.3
Молоко 533,Горіхи,17.3,399.1,20.6,27.5
Чай 534,Яйця,14.8,225.4,9.6,14.2
Банан 535,Снеки,56.9,429.0,43.6,3.0
Печиво 536,Снеки,73.7,525.7,29.6,12.5
Кава 537,Випічка,71.2,629.3,38.2,21.3
Фасоля 538,Випічка,62.0,429.1,32.9,5.5
Кава 539,Снеки,16.2,297.8,41.6,7.4
Банан 540,Зернові,71.4,522.2,24.5,15.4
Огірок 541,Овочі,34.0,384.3,36.2,11.5
Творог 542,Овочі,78.1,583.7,37.0,13.7
Булочка 543,Зернові,17.8,449.3,37.6,25.3
Творог 544,М'ясо,49.7,449.1,22.3,17.9
Огірок 545,Бобові,78.6,750.4,42.4,29.6
Сухарі 546,Молочні продукти,64.7,443.4,15.1,13.8
Куряче філе 547,Молочні продукти,43.6,408.4,39.6,8.4
Помідор 548,Випічка,5.6,336.0,41.5,16.4
Йогурт 549,М'ясо,22.3,292.1,47.8,1.3
Шоколад 550,Бобові,75.6,577.4,32.3,16.2
Мигдаль 551,Яйця,22.6,373.2,25.7,20.0
Лосось 552,Зернові,22.7,510.0,47.2,25.6
Сметана 553,Бобові,41.6,330.2,18.9,9.8
Творог 554,Снеки,28.5,269.1,3.0,15.9
Куряче філе 555,Яйця,39.0,245.4,21.9,0.2
Помідор 556,Горіхи,22.0,373.1,49.0,9.9
Горох 557,Яйця,56.4,501.6,40.2,12.8
Морква 558,Овочі,27.9,243.7,6.7,11.7
Куряче філе 559,М'ясо,17.4,245.3,43.7,0.1
Кетчуп 560,Яйця,31.1,328.6,35.3,7.0
Мигдаль 561,Зернові,25.0,156.6,0.2,6.2
Яйце 562,Випічка,69.9,483.9,9.0,18.7
Апельсин 563,Напої,47.2,532.7,43.9,18.7
Кукурудза 564,Горіхи,66.9,349.4,14.6,2.6
Мед 565,Соуси,11.2,127.1,14.5,2.7
Куряче філе 566,Овочі,15.3,322.6,1.9,28.2
Апельсин 567,Зернові,47.1,605.4,40.8,28.2
Помідор 568,Випічка,58.1,500.7,18.7,21.5
Лосось 569,Риба,54.0,582.0,28.5,28.0
Кукурудза 570,Напої,33.6,179.4,9.9,0.6
Хліб 571,Напої,13.8,265.5,28.5,10.7
Сметана 572,М'ясо,20.3,386.7,10.0,29.5
Сир 573,Випічка,8.1,255.5,11.0,19.9
Лосось 574,Випічка,2.0,166.3,32.6,3.1
Горох 575,Молочні продукти,24.9,285.2,27.5,8.4
Молоко 576,Бобові,77.3,504.3,0.4,21.5
Куряче філе 577,Соуси,64.4,277.7,2.1,1.3
Хліб 578,Зернові,45.0,396.7,49.0,2.3
Шоколад 579,Бобові,44.6,412.3,13.7,19.9
Вино 580,Молочні продукти,1.0,429.4,39.3,29.8
Творог 581,Молочні продукти,50.6,424.8,16.0,17.6
Сметана 582,Напої,48.8,284.7,4.6,7.9
Рис 583,Фрукти,47.6,287.9,21.9,1.1
Майонез 584,Випічка,6.5,228.8,36.3,6.4
Рис 585,Соуси,1.3,244.6,18.9,18.2
Сир 586,Зернові,22.1,283.5,25.6,10.3
Йогурт 587,М'ясо,40.3,286.3,12.6,8.3
Сир 588,М'ясо,54.8,473.7,38.2,11.3
Мед 589,М'ясо,27.1,381.3,20.3,21.3
Молоко 590,Яйця,3.6,92.6,6.5,5.8
Булочка 591,Напої,19.6,260.6,9.1,16.2
Кукурудза 592,Бобові,57.3,344.2,14.8,6.2
Рис 593,Фрукти,49.0,327.2,14.8,8.0
Пиво 594,Зернові,48.1,313.2,1.4,12.8
Огірок 595,М'ясо,63.4,393.6,9.8,11.2
Каша 596,Напої,50.6,367.8,19.3,9.8
Горох 597,Бобові,34.7,292.9,14.9,10.5
Кава 598,Соуси,0.1,390.4,41.7,24.8
Чай 599,Випічка,30.7,435.7,15.0,28.1
Сметана 600,Напої,5.7,282.7,19.3,20.3
Кефір 601,Випічка,76.6,604.4,49.3,11.2
Хліб 602,Овочі,50.0,469.3,46.4,9.3
Помідор 603,Молочні продукти,10.9,282.7,18.6,18.3
Кава 604,Бобові,24.4,429.9,19.4,28.3
Каша 605,Соуси,48.6,412.0,24.7,13.2
Картопля 606,М'ясо,18.2,205.2,2.5,13.6
Сир 607,Напої,79.2,519.9,40.2,4.7
Сир 608,Соуси,6.4,352.4,26.8,24.4
Банан 609,Зернові,56.5,322.7,6.4,7.9
Печиво 610,Риба,72.6,406.4,2.9,11.6
Печиво 611,Яйця,70.7,456.4,19.1,10.8
Огірок 612,Молочні продукти,5.3,187.2,25.3,7.2
Молоко 613,Випічка,53.4,601.0,37.9,26.2
Вино 614,Молочні продукти,75.5,327.3,1.6,2.1
Мед 615,Горіхи,71.0,727.5,47.2,28.3
Майонез 616,Випічка,4.9,447.3,43.7,28.1
Фасоля 617,Зернові,73.2,570.8,39.8,13.2
Рис 618,Молочні продукти,20.4,315.4,7.6,22.6
Мед 619,Фрукти,72.6,587.2,16.6,25.6
Куряче філе 620,Риба,65.4,414.5,28.1,4.5
Кетчуп 621,Риба,59.8,481.0,34.8,11.4
Лосось 622,Зернові,7.0,183.9,1.4,16.7
Сметана 623,Напої,72.7,432.3,11.3,10.7
Лосось 624,Овочі,14.9,115.9,6.2,3.5
Печиво 625,Яйця,66.6,532.9,10.6,24.9
Огірок 626,Фрукти,32.9,339.4,37.1,6.6
Кетчуп 627,Випічка,36.3,453.1,35.8,18.3
Банан 628,Напої,6.3,207.5,21.5,10.7
Яйце 629,Овочі,79.0,478.6,26.7,6.2
Вино 630,Молочні продукти,38.3,437.7,40.3,13.7
Морква 631,Зернові,10.9,247.2,5.9,20.0
Яйце 632,Овочі,60.1,579.5,31.0,23.9
Горох 633,Випічка,23.3,391.3,41.0,14.9
Яйце 634,Снеки,59.1,496.7,38.3,11.9
Кетчуп 635,Зернові,10.4,79.6,6.8,1.2
Яблуко 636,Овочі,10.2,183.3,34.5,0.5
Чай 637,Зернові,59.4,492.7,46.0,7.9
Лосось 638,Риба,8.2,338.4,42.2,15.2
Помідор 639,М'ясо,53.9,392.8,7.4,16.4
Куряче філе 640,Яйця,50.5,499.6,45.6,12.8
Кетчуп 641,Снеки,65.3,334.4,17.4,0.4
Гречка 642,Випічка,0.2,180.0,4.3,18.0
Апельсин 643,Фрукти,64.0,539.6,10.6,26.8
Горох 644,Горіхи,75.4,634.9,46.2,16.5
Огірок 645,Горіхи,55.8,484.8,5.1,26.8
Кава 646,Горіхи,0.0,354.8,42.8,20.4
Морква 647,Випічка,53.2,590.0,49.3,20.0
Кефір 648,Бобові,31.2,403.3,35.2,15.3
Кукурудза 649,Горіхи,77.2,616.9,19.2,25.7
Сметана 650,Бобові,15.2,275.6,22.2,14.0
Фасоля 651,Випічка,64.6,500.8,12.9,21.2
Каша 652,Яйця,11.9,238.4,6.3,18.4
Печиво 653,Соуси,4.2,189.2,41.3,0.8
Сухарі 654,Яйця,37.2,404.2,34.6,13.0
Горох 655,М'ясо,2.3,245.0,36.9,9.8
Фасоля 656,Бобові,47.0,430.5,38.8,9.7
Пиво 657,Зернові,17.6,388.9,24.5,24.5
Лосось 658,Соуси,34.1,447.9,25.9,23.1
Кукурудза 659,Випічка,60.0,437.9,19.1,13.5
Картопля 660,Горіхи,76.0,591.8,10.3,27.4
Кукурудза 661,Фрукти,65.4,460.7,39.2,4.7
Печиво 662,М'ясо,34.3,314.6,38.5,2.6
Фасоля 663,Зернові,53.6,510.5,22.5,22.9
Гречка 664,Горіхи,53.7,404.9,25.7,9.7
Картопля 665,Фрукти,51.4,509.2,12.0,28.4
Огірок 666,Соуси,0.1,88.8,20.3,0.8
Тунець 667,Соуси,38.7,232.8,1.5,8.0
Горох 668,Молочні продукти,11.3,181.4,16.5,7.8
Булочка 669,Випічка,41.8,265.5,15.8,3.9
Чай 670,Фрукти,6.9,280.0,43.3,8.8
Тунець 671,Бобові,60.1,543.4,48.3,12.2
Йогурт 672,Риба,56.4,538.9,33.1,20.1
Творог 673,Снеки,64.0,449.0,39.7,3.8
Сир 674,Соуси,16.7,327.1,27.5,16.7
Фасоля 675,Молочні продукти,56.6,531.7,32.9,19.3
Мигдаль 676,Горіхи,58.9,306.6,0.2,7.8
Кукурудза 677,Фрукти,55.4,468.9,25.6,16.1
Булочка 678,Овочі,65.3,581.6,45.0,15.6
Шоколад 679,Бобові,0.5,237.9,25.9,14.7
Куряче філе 680,Випічка,50.6,524.4,13.0,30.0
Рис 681,М'ясо,38.1,591.4,49.0,27.0
Печиво 682,Соуси,60.7,291.8,4.6,3.4
Помідор 683,Фрукти,7.3,478.4,48.4,28.4
Мигдаль 684,Горіхи,37.5,422.7,49.5,8.3
Хліб 685,Молочні продукти,39.6,320.3,37.1,1.5
Каша 686,Напої,16.7,440.9,32.1,27.3
Фасоля 687,Молочні продукти,14.3,366.7,19.1,25.9
Яйце 688,Овочі,71.5,460.4,29.2,6.4
Молоко 689,Яйця,15.3,155.6,15.5,3.6
Горох 690,Напої,21.6,222.6,7.5,11.8
Мигдаль 691,Напої,76.4,495.3,16.6,13.7
Горох 692,Зернові,2.5,199.1,41.2,2.7
Майонез 693,Фрукти,51.7,351.2,20.8,6.8
Морква 694,Випічка,12.1,350.3,24.4,22.7
Булочка 695,Овочі,67.5,513.7,5.8,24.5
Майонез 696,Риба,47.6,320.9,7.2,11.3
Хліб 697,Напої,23.7,410.4,27.6,22.8
Тунець 698,Бобові,3.2,120.2,21.9,2.2
Каша 699,Молочні продукти,61.6,520.5,37.7,13.7
Хліб 700,М'ясо,49.7,282.0,12.7,3.6
Апельсин 701,Напої,76.6,649.1,49.0,16.3
Помідор 702,Зернові,12.4,423.1,30.6,27.9
Гречка 703,Бобові,77.7,670.7,48.8,18.3
Кукурудза 704,Риба,16.2,127.8,6.3,4.2
Вино 705,Горіхи,26.2,265.4,31.6,3.8
Картопля 706,Риба,5.7,395.3,32.6,26.9
Кукурудза 707,Випічка,11.9,425.9,48.9,20.3
Горох 708,Риба,57.8,566.3,39.0,19.9
Яблуко 709,М'ясо,69.9,547.1,48.2,8.3
Тунець 710,Яйця,54.0,366.9,34.8,1.3
Шоколад 711,Бобові,42.9,340.7,4.7,16.7
Гречка 712,Фрукти,61.8,436.8,14.1,14.8
Вино 713,Овочі,70.3,549.6,2.3,28.8
Гречка 714,Яйця,19.2,412.3,39.1,19.9
Фасоля 715,Напої,48.0,488.8,6.7,30.0
Горох 716,Яйця,16.4,310.5,14.2,20.9
Огірок 717,Соуси,20.0,316.3,0.8,25.9
Мигдаль 718,Випічка,75.9,509.6,10.1,18.4
Куряче філе 719,Снеки,39.8,371.9,21.9,13.9
Мигдаль 720,Риба,79.8,440.1,16.5,6.1
Фасоля 721,М'ясо,12.2,470.9,41.4,28.5
Булочка 722,Напої,22.4,476.5,38.9,25.7
Тунець 723,М'ясо,75.6,501.1,34.6,6.7
Гречка 724,Овочі,37.6,293.8,20.1,7.0
Куряче філе 725,Випічка,39.4,323.2,23.4,8.0
Кетчуп 726,Напої,67.5,369.4,6.4,8.2
Творог 727,Фрукти,0.2,195.7,30.5,8.1
Сир 728,М'ясо,0.7,126.2,11.5,8.6
Печиво 729,Овочі,43.6,609.8,43.6,29.0
Рис 730,Соуси,5.8,301.7,4.6,28.9
Картопля 731,Соуси,44.3,201.1,4.4,0.7
Фасоля 732,М'ясо,19.5,259.6,40.0,2.4
Помідор 733,Напої,31.6,559.1,41.8,29.5
Яблуко 734,Снеки,11.5,288.8,13.0,21.2
Мед 735,Напої,27.8,308.7,42.4,3.1
Сухарі 736,Зернові,14.5,224.2,38.4,1.4
Лосось 737,М'ясо,14.1,254.2,35.5,6.2
Яблуко 738,Овочі,33.3,266.9,16.1,7.7
Мигдаль 739,Яйця,20.5,407.3,23.5,25.7
Кетчуп 740,М'ясо,43.4,245.1,0.1,7.9
Кукурудза 741,Овочі,64.5,579.1,44.5,15.9
Каша 742,Молочні продукти,20.1,336.3,39.0,11.1
Шоколад 743,Риба,15.7,319.1,32.8,13.9
Апельсин 744,Риба,16.0,173.8,4.5,10.2
Банан 745,Снеки,66.4,661.5,42.5,25.1
Вино 746,Риба,79.9,551.3,42.4,6.9
Помідор 747,Молочні продукти,40.0,502.6,20.4,29.0
Булочка 748,Зернові,21.9,303.1,10.9,19.1
Картопля 749,Овочі,51.7,562.9,42.9,20.5
Каша 750,Фрукти,41.1,537.5,46.7,20.7
Тунець 751,Фрукти,13.7,319.3,23.6,18.9
Йогурт 752,Молочні продукти,9.6,318.0,43.8,11.6
Сметана 753,Бобові,7.5,315.4,46.6,11.0
Творог 754,Овочі,63.4,369.6,19.1,4.4
Огірок 755,Снеки,21.0,396.5,18.5,26.5
Печиво 756,Овочі,40.6,307.9,30.3,2.7
Йогурт 757,Соуси,36.5,231.3,7.6,6.1
Апельсин 758,Бобові,21.4,308.8,36.9,8.4
Кава 759,Снеки,66.3,364.9,11.2,6.1
Хліб 760,Соуси,56.1,451.9,46.3,4.7
Помідор 761,Зернові,28.9,213.0,20.3,1.8
Яйце 762,Горіхи,56.1,472.1,4.1,25.7
Булочка 763,Бобові,42.4,441.5,26.8,18.3
Майонез 764,М'ясо,26.0,210.5,23.7,1.3
Кукурудза 765,Напої,18.4,363.3,19.1,23.7
Кетчуп 766,Горіхи,63.1,470.5,33.6,9.3
Огірок 767,Риба,60.8,396.3,7.0,13.9
Чай 768,Овочі,61.2,342.5,15.2,4.1
Кава 769,М'ясо,6.5,215.1,7.0,17.9
Морква 770,Напої,55.2,448.7,38.3,8.3
Сир 771,М'ясо,40.2,340.9,21.4,10.5
Яблуко 772,Випічка,66.7,336.5,1.9,6.9
Горох 773,Бобові,5.1,124.0,4.3,9.6
Лосось 774,Горіхи,24.9,225.4,21.1,4.6
Булочка 775,Овочі,72.0,430.5,30.9,2.1
Хліб 776,Фрукти,36.0,373.5,42.3,6.7
Пиво 777,Снеки,8.9,159.8,22.5,3.8
Яйце 778,Фрукти,52.9,513.6,8.0,30.0
Помідор 779,Яйця,79.9,564.2,13.0,21.4
Тунець 780,Випічка,71.3,488.9,38.1,5.7
Сухарі 781,Овочі,61.6,647.3,41.5,26.1
Мигдаль 782,Яйця,35.4,325.7,9.8,16.1
Пиво 783,Овочі,12.8,215.9,4.5,16.3
Молоко 784,Бобові,58.0,444.5,20.5,14.5
Кукурудза 785,Молочні продукти,52.4,450.7,1.1,26.3
Йогурт 786,Фрукти,45.6,395.5,40.9,5.5
Апельсин 787,Яйця,25.1,503.2,44.9,24.8
Майонез 788,М'ясо,13.5,447.2,48.8,22.0
Огірок 789,М'ясо,41.1,341.1,12.0,14.3
Сир 790,Риба,13.9,87.8,3.1,2.2
Кукурудза 791,Зернові,42.2,440.6,3.6,28.6
Банан 792,Риба,52.4,342.2,1.2,14.2
Яйце 793,Яйця,68.3,444.5,32.7,4.5
Фасоля 794,М'ясо,44.1,500.7,21.0,26.7
Яйце 795,Горіхи,6.7,214.0,41.4,2.4
Сир 796,М'ясо,29.6,512.1,48.7,22.1
Чай 797,Зернові,11.2,196.6,18.6,8.6
Горох 798,Овочі,77.6,500.1,0.4,20.9
Сметана 799,Снеки,61.1,627.0,34.0,27.4
Помідор 800,Бобові,52.8,547.1,43.7,17.9
Пиво 801,Випічка,33.9,419.2,15.1,24.8
Майонез 802,Зернові,8.4,387.2,46.1,18.8
Гречка 803,Молочні продукти,62.1,489.3,42.0,8.1
Молоко 804,Риба,14.6,274.5,24.1,13.3
Творог 805,Яйця,25.7,320.2,7.1,21.0
Мигдаль 806,Зернові,6.7,44.0,3.4,0.4
Кукурудза 807,Соуси,67.1,558.9,11.2,27.3
Хліб 808,Соуси,43.8,534.9,42.9,20.9
Кефір 809,Снеки,0.2,163.7,8.1,14.5
Лосось 810,Соуси,78.1,376.7,11.8,1.9
Помідор 811,Яйця,19.5,361.9,39.7,13.9
Морква 812,М'ясо,28.1,278.7,30.1,5.1
Тунець 813,Фрукти,33.5,337.6,3.2,21.2
Лосось 814,Зернові,53.7,260.9,7.7,1.7
Картопля 815,Овочі,75.4,626.6,18.7,27.8
Молоко 816,Випічка,37.2,403.4,11.9,23.0
Печиво 817,Горіхи,48.5,638.8,50.0,27.2
Банан 818,Бобові,21.2,124.2,4.9,2.2
Лосось 819,Яйця,79.9,694.8,47.0,20.8
Мигдаль 820,Снеки,27.2,402.9,31.0,18.9
Сухарі 821,Яйця,13.5,146.2,1.9,9.4
Яйце 822,Молочні продукти,35.2,263.7,15.2,6.9
Яблуко 823,Випічка,75.1,501.1,28.8,9.5
Банан 824,Риба,67.7,590.2,25.4,24.2
Морква 825,Горіхи,34.5,447.1,30.7,20.7
Творог 826,Фрукти,35.3,360.7,38.0,7.5
Мигдаль 827,Снеки,22.2,378.2,35.9,16.2
Огірок 828,Фрукти,11.2,236.6,11.5,16.2
Кефір 829,Бобові,72.0,650.9,32.9,25.7
Мед 830,М'ясо,66.0,317.0,11.0,1.0
Лосось 831,Напої,23.5,250.3,6.0,14.7
Булочка 832,Випічка,4.2,289.1,44.9,10.3
Горох 833,Випічка,64.5,453.8,18.8,13.4
Гречка 834,Снеки,57.4,361.2,30.2,1.2
Фасоля 835,Зернові,39.2,288.5,3.0,13.3
Кефір 836,Молочні продукти,29.5,297.5,28.0,7.5
Сир 837,Снеки,28.1,234.2,0.3,13.4
Вино 838,Молочні продукти,19.1,376.8,14.8,26.8
Сухарі 839,Фрукти,61.0,508.2,23.3,19.0
Сметана 840,М'ясо,65.6,298.5,6.1,1.3
Булочка 841,Снеки,23.5,318.6,14.3,18.6
Яйце 842,Горіхи,21.3,384.2,48.2,11.8
Хліб 843,Соуси,77.0,577.4,28.2,17.4
Творог 844,Риба,59.9,520.1,17.7,23.3
Кукурудза 845,Напої,35.8,506.9,32.2,26.1
Помідор 846,М'ясо,5.6,292.2,21.1,20.6
Сухарі 847,Зернові,40.8,391.9,16.0,18.3
Чай 848,Напої,50.8,368.7,35.3,2.7
Булочка 849,Молочні продукти,36.2,527.5,32.0,28.3
Фасоля 850,М'ясо,75.9,736.8,46.2,27.6
Мед 851,Напої,53.4,451.5,19.2,17.9
Кава 852,Снеки,78.2,530.8,32.0,10.0
Булочка 853,Яйця,69.2,621.5,38.7,21.1
Мигдаль 854,Випічка,15.7,317.2,2.4,27.2
Фасоля 855,Зернові,53.7,518.7,15.0,27.1
Помідор 856,Снеки,74.7,594.3,14.7,26.3
Сметана 857,Снеки,53.8,311.4,5.6,8.2
Горох 858,Снеки,65.4,429.0,26.1,7.0
Лосось 859,Соуси,36.0,590.5,46.6,28.9
Рис 860,Снеки,39.1,330.1,6.3,16.5
Кетчуп 861,Овочі,76.6,393.8,9.7,5.4
Кава 862,Випічка,65.5,657.9,45.2,23.9
Сир 863,Снеки,20.3,308.2,22.1,15.4
Куряче філе 864,Молочні продукти,70.7,573.2,43.8,12.8
Пиво 865,Бобові,12.6,464.3,47.9,24.7
Яблуко 866,М'ясо,0.4,351.7,33.3,24.1
Куряче філе 867,Яйця,56.0,316.1,19.2,1.7
Хліб 868,Молочні продукти,68.4,669.6,36.0,28.0
Куряче філе 869,Випічка,68.3,472.3,35.6,6.3
Рис 870,Овочі,48.9,306.3,5.4,9.9
Куряче філе 871,Риба,78.9,404.4,14.1,3.6
Кефір 872,Випічка,63.7,386.4,17.6,6.8
Чай 873,Випічка,74.7,571.4,22.7,20.2
Рис 874,Риба,21.0,375.6,46.8,11.6
Майонез 875,Молочні продукти,35.0,437.6,21.3,23.6
Морква 876,Фрукти,49.4,451.4,37.8,11.4
Лосось 877,Овочі,53.5,414.9,25.7,10.9
Кава 878,Соуси,25.8,314.8,1.6,22.8
Помідор 879,Снеки,30.7,496.6,26.4,29.8
Творог 880,М'ясо,53.5,422.7,15.5,16.3
Сир 881,Соуси,25.8,334.5,38.7,8.5
Помідор 882,Бобові,41.9,206.9,5.1,2.1
Йогурт 883,Риба,66.6,372.2,7.1,8.6
Творог 884,Молочні продукти,36.8,426.3,33.1,16.3
Майонез 885,Риба,77.5,649.0,33.9,22.6
Творог 886,Риба,75.0,534.4,17.2,18.4
Кава 887,Зернові,13.6,275.2,47.1,3.6
Кава 888,Фрукти,15.2,243.7,41.9,1.7
Хліб 889,Бобові,24.0,316.5,32.4,10.1
Кава 890,Зернові,31.5,354.0,48.9,3.6
Сметана 891,Снеки,31.0,303.1,33.3,5.1
Лосось 892,Фрукти,5.4,329.6,32.0,20.0
Пиво 893,Снеки,1.0,246.1,2.7,25.7
Вино 894,Риба,23.5,446.2,47.1,18.2
Сир 895,Яйця,6.9,251.3,9.8,20.5
Майонез 896,Соуси,16.3,290.4,42.8,6.0
Гречка 897,М'ясо,32.6,333.6,21.1,13.2
Чай 898,Горіхи,30.7,388.6,21.9,19.8
Сметана 899,М'ясо,36.0,329.3,13.7,14.5
Булочка 900,Випічка,39.0,371.3,32.9,9.3
Каша 901,Горіхи,50.1,304.7,7.4,8.3
Кетчуп 902,Риба,68.0,611.8,25.1,26.6
Вино 903,Овочі,26.3,339.5,15.6,19.1
Фасоля 904,М'ясо,72.9,420.9,22.2,4.5
Огірок 905,Риба,24.0,235.4,23.6,5.0
Вино 906,Випічка,52.3,351.8,3.7,14.2
Творог 907,Фрукти,75.0,522.7,14.5,18.3
Майонез 908,Овочі,32.6,425.8,7.7,29.4
Яблуко 909,Молочні продукти,27.2,206.5,2.6,9.7
Булочка 910,Овочі,46.5,468.4,28.3,18.8
Кукурудза 911,Соуси,36.2,473.9,37.5,19.9
Хліб 912,Напої,46.0,313.6,23.4,4.0
Морква 913,Фрукти,34.8,340.4,14.3,16.0
Тунець 914,Молочні продукти,15.3,270.3,13.8,17.1
Помідор 915,Снеки,26.2,374.8,21.6,20.4
Гречка 916,Соуси,7.0,397.2,24.8,30.0
Кефір 917,Випічка,5.0,101.3,0.3,8.9
Каша 918,Напої,11.6,339.8,10.8,27.8
Мигдаль 919,М'ясо,75.6,594.2,42.8,13.4
Вино 920,Яйця,45.5,383.0,13.8,16.2
Огірок 921,Напої,47.5,440.3,26.8,15.9
Сухарі 922,Снеки,23.0,113.9,2.1,1.5
Шоколад 923,Напої,54.3,427.3,0.1,23.3
Тунець 924,Соуси,53.6,428.6,13.5,17.8
Огірок 925,Снеки,14.4,193.5,28.8,2.3
Банан 926,Риба,66.7,429.9,31.1,4.3
Картопля 927,Соуси,65.5,446.6,24.1,9.8
Картопля 928,Соуси,55.6,560.7,36.2,21.5
Рис 929,Горіхи,74.5,556.9,7.8,25.3
Морква 930,Випічка,39.1,527.6,31.6,27.2
Мед 931,Бобові,79.5,454.9,17.8,7.3
Лосось 932,Молочні продукти,73.8,576.9,46.8,10.5
Хліб 933,Риба,31.4,483.2,26.4,28.0
Майонез 934,Горіхи,73.1,636.0,28.3,25.6
Сир 935,Снеки,6.6,119.2,22.3,0.4
Апельсин 936,Фрукти,2.2,203.2,40.5,3.6
Сир 937,Напої,14.8,369.2,47.8,13.2
Мед 938,Зернові,70.2,554.2,23.8,19.8
Вино 939,Горіхи,77.7,661.4,31.4,25.0
Вино 940,Снеки,61.2,323.2,5.2,6.4
Кетчуп 941,Випічка,5.1,104.8,20.2,0.4
Пиво 942,Риба,39.6,396.6,4.2,24.6
Мигдаль 943,Соуси,11.9,294.9,19.3,18.9
Рис 944,Овочі,53.1,272.7,9.0,2.7
Горох 945,Напої,52.5,431.1,29.4,11.5
Яблуко 946,Зернові,32.6,259.6,23.3,4.0
Сухарі 947,Соуси,15.7,235.7,18.7,10.9
Мед 948,Снеки,69.1,378.9,0.2,11.3
Творог 949,Зернові,29.7,391.9,39.7,12.7
Банан 950,Фрукти,72.3,445.1,16.7,9.9
Помідор 951,Соуси,5.2,224.6,19.9,13.8
Чай 952,Яйця,76.7,737.2,47.3,26.8
Банан 953,Молочні продукти,13.1,434.6,35.7,26.6
Мед 954,Фрукти,55.5,432.8,29.3,10.4
Помідор 955,Напої,57.2,450.2,28.8,11.8
Йогурт 956,Овочі,22.9,256.0,36.6,2.0
Куряче філе 957,Зернові,40.2,350.2,24.4,10.2
Кетчуп 958,Випічка,79.0,557.5,23.7,16.3
Сметана 959,Напої,38.3,448.1,7.8,29.3
Булочка 960,М'ясо,49.9,520.5,48.5,14.1
Молоко 961,Соуси,61.8,384.9,0.9,14.9
Мигдаль 962,Молочні продукти,3.1,167.0,16.6,9.8
Творог 963,Фрукти,28.9,277.8,22.1,8.2
Тунець 964,Напої,64.0,379.6,30.0,0.4
Куряче філе 965,Снеки,37.7,384.6,46.3,5.4
Мигдаль 966,Риба,13.4,388.7,20.1,28.3
Банан 967,Риба,63.1,669.4,42.6,27.4
Кетчуп 968,Риба,33.5,398.0,2.1,28.4
Горох 969,Соуси,77.8,383.6,16.3,0.8
Шоколад 970,Овочі,56.9,505.5,31.9,16.7
Хліб 971,Напої,73.2,627.1,28.9,24.3
Кукурудза 972,Снеки,60.5,447.6,10.0,18.4
Лосось 973,Молочні продукти,21.2,428.5,25.4,26.9
Кетчуп 974,Напої,61.6,421.6,16.8,12.0
Морква 975,Випічка,43.0,338.0,19.9,9.6
Фасоля 976,Молочні продукти,54.1,628.4,37.3,29.2
Яблуко 977,Випічка,7.2,281.9,34.7,12.7
Кетчуп 978,Напої,15.4,297.6,20.3,17.2
Вино 979,Овочі,15.1,396.9,21.8,27.7
Йогурт 980,Риба,5.7,288.2,48.8,7.8
Кукурудза 981,Снеки,51.6,510.2,30.5,20.2
Вино 982,Фрукти,40.6,533.1,38.9,23.9
Майонез 983,Фрукти,56.4,278.1,12.9,0.1
Хліб 984,Зернові,49.9,422.8,0.0,24.8
Огірок 985,Горіхи,77.7,431.7,14.7,6.9
Молоко 986,Бобові,15.5,267.9,17.5,15.1
Шоколад 987,Фрукти,36.2,506.8,34.7,24.8
Каша 988,М'ясо,4.2,315.6,44.1,13.6
Лосось 989,Овочі,43.2,459.1,49.3,9.9
Яблуко 990,Горіхи,12.0,370.6,14.5,29.4
Гречка 991,Молочні продукти,22.4,253.9,30.5,4.7
Кетчуп 992,Випічка,59.1,546.7,21.1,25.1
Пиво 993,Зернові,35.0,312.8,27.9,6.8
Куряче філе 994,Соуси,66.3,514.2,28.5,15.0
Фасоля 995,Зернові,13.0,137.0,9.1,5.4
Вино 996,Горіхи,79.0,748.0,45.9,27.6
Булочка 997,Зернові,21.2,106.8,3.7,0.8
Сир 998,Зернові,7.8,286.6,9.4,24.2
Лосось 999,Снеки,20.6,172.4,4.5,8.0
